<diffgr:diffgram xmlns:msdata="urn:schemas-microsoft-com:xml-msdata" xmlns:diffgr="urn:schemas-microsoft-com:xml-diffgram-v1">
  <DSWORKSPACE>
    <D_Workspace diffgr:id="D_Workspace1" msdata:rowOrder="0" diffgr:hasChanges="inserted">
      <iID>1</iID>
      <szName>Assignment HMI</szName>
      <dtCreateDate>2021-10-31T07:40:54.8094993+00:00</dtCreateDate>
    </D_Workspace>
    <D_DBVersion diffgr:id="D_DBVersion2" msdata:rowOrder="0" diffgr:hasChanges="inserted">
      <iSupportVersion>1</iSupportVersion>
      <iCreateVersion>1</iCreateVersion>
    </D_DBVersion>
  </DSWORKSPACE>
</diffgr:diffgram>