<diffgr:diffgram xmlns:msdata="urn:schemas-microsoft-com:xml-msdata" xmlns:diffgr="urn:schemas-microsoft-com:xml-diffgram-v1">
  <DSHISTORY>
    <D_History diffgr:id="D_History1" msdata:rowOrder="0" diffgr:hasChanges="inserted">
      <iID>1</iID>
      <iProjectdataID>1</iProjectdataID>
      <szComment />
      <iEditor>0</iEditor>
      <dtUpdateDate>2021-10-31T07:40:56.3759397+00:00</dtUpdateDate>
      <dtFileTimeStamp>2021-10-31T07:40:56.3729206+00:00</dtFileTimeStamp>
      <dtFileUpdateDate>2021-10-31T07:40:56.3769367+00:00</dtFileUpdateDate>
      <iFileSize>128</iFileSize>
      <szMD5val>VbRJ/b4INW1JDsrZGaawCg==</szMD5val>
      <szProjectdataName>Assignment HMI.prj</szProjectdataName>
    </D_History>
    <D_History diffgr:id="D_History2" msdata:rowOrder="1" diffgr:hasChanges="inserted">
      <iID>2</iID>
      <iProjectdataID>2</iProjectdataID>
      <szComment />
      <iEditor>0</iEditor>
      <dtUpdateDate>2021-10-31T07:40:56.5732795+00:00</dtUpdateDate>
      <dtFileTimeStamp>2021-10-31T07:40:56.5732795+00:00</dtFileTimeStamp>
      <dtFileUpdateDate>2021-10-31T07:40:56.5732795+00:00</dtFileUpdateDate>
      <iFileSize>36</iFileSize>
      <szMD5val>jVwcsubXwP4vpQfA/C6Qlg==</szMD5val>
      <szProjectdataName>PrjStatus.flg</szProjectdataName>
    </D_History>
    <D_History diffgr:id="D_History3" msdata:rowOrder="2" diffgr:hasChanges="inserted">
      <iID>3</iID>
      <iProjectdataID>3</iProjectdataID>
      <szComment />
      <iEditor>0</iEditor>
      <dtUpdateDate>2021-10-31T07:40:56.6232568+00:00</dtUpdateDate>
      <dtFileTimeStamp>2021-10-31T07:40:56.6232568+00:00</dtFileTimeStamp>
      <dtFileUpdateDate>2021-10-31T07:40:56.6232568+00:00</dtFileUpdateDate>
      <iFileSize>0</iFileSize>
      <szMD5val>1B2M2Y8AsgTpgAmY7PhCfg==</szMD5val>
      <szProjectdataName>Param.wpa</szProjectdataName>
    </D_History>
    <D_History diffgr:id="D_History4" msdata:rowOrder="3" diffgr:hasChanges="inserted">
      <iID>4</iID>
      <iProjectdataID>4</iProjectdataID>
      <szComment />
      <iEditor>0</iEditor>
      <dtUpdateDate>2021-10-31T07:40:56.6732745+00:00</dtUpdateDate>
      <dtFileTimeStamp>2021-10-31T07:40:56.6732745+00:00</dtFileTimeStamp>
      <dtFileUpdateDate>2021-10-31T07:40:56.6732745+00:00</dtFileUpdateDate>
      <iFileSize>8</iFileSize>
      <szMD5val>feo2Kz+sjgCVaklSo9T0dA==</szMD5val>
      <szProjectdataName>FuncSecurityLevel.fsl</szProjectdataName>
    </D_History>
    <D_History diffgr:id="D_History5" msdata:rowOrder="4" diffgr:hasChanges="inserted">
      <iID>5</iID>
      <iProjectdataID>5</iProjectdataID>
      <szComment />
      <iEditor>0</iEditor>
      <dtUpdateDate>2021-10-31T07:40:56.8932579+00:00</dtUpdateDate>
      <dtFileTimeStamp>2021-10-31T07:40:56.8932579+00:00</dtFileTimeStamp>
      <dtFileUpdateDate>2021-10-31T07:40:56.8932579+00:00</dtFileUpdateDate>
      <iFileSize>80</iFileSize>
      <szMD5val>arSE7FAx/vDUvzVTzyJ5Uw==</szMD5val>
      <szProjectdataName>Assignment HMI.pji</szProjectdataName>
    </D_History>
    <D_History diffgr:id="D_History6" msdata:rowOrder="5" diffgr:hasChanges="inserted">
      <iID>6</iID>
      <iProjectdataID>6</iProjectdataID>
      <szComment />
      <iEditor>0</iEditor>
      <dtFileTimeStamp>2021-10-31T07:40:57.2532581+00:00</dtFileTimeStamp>
      <szMD5val />
      <szProjectdataName>Project.gt3</szProjectdataName>
    </D_History>
    <D_History diffgr:id="D_History7" msdata:rowOrder="6" diffgr:hasChanges="inserted">
      <iID>7</iID>
      <iProjectdataID>7</iProjectdataID>
      <szComment />
      <iEditor>0</iEditor>
      <dtUpdateDate>2021-11-19T13:27:14.5687503+00:00</dtUpdateDate>
      <dtFileTimeStamp>2021-10-31T07:40:57.3832548+00:00</dtFileTimeStamp>
      <dtFileUpdateDate>2021-11-19T13:27:14.5687503+00:00</dtFileUpdateDate>
      <iFileSize>14317</iFileSize>
      <szMD5val>L+L0Am9u7oxhuHx4UNrdlA==</szMD5val>
      <szProjectdataName>GTEFILE</szProjectdataName>
    </D_History>
    <D_DBVersion diffgr:id="D_DBVersion5" msdata:rowOrder="0" diffgr:hasChanges="inserted">
      <iSupportVersion>1</iSupportVersion>
      <iCreateVersion>1</iCreateVersion>
    </D_DBVersion>
  </DSHISTORY>
</diffgr:diffgram>