<diffgr:diffgram xmlns:msdata="urn:schemas-microsoft-com:xml-msdata" xmlns:diffgr="urn:schemas-microsoft-com:xml-diffgram-v1">
  <DSPROJECTDATA>
    <D_Projectdata diffgr:id="D_Projectdata1" msdata:rowOrder="0" diffgr:hasChanges="inserted">
      <iID>1</iID>
      <szName>Assignment HMI.prj</szName>
      <dtCreateDate>2021-10-31T07:40:56.1189368+00:00</dtCreateDate>
      <dtUpdateDate>2021-10-31T07:40:56.1189368+00:00</dtUpdateDate>
      <bScrapFlag>false</bScrapFlag>
      <bStructuredStorage>true</bStructuredStorage>
      <iCreaterID>0</iCreaterID>
      <ucProductType>1</ucProductType>
      <ucFolderType>1</ucFolderType>
      <uiFolderNo>0</uiFolderNo>
      <ucReserve>0</ucReserve>
      <ucFileType>1</ucFileType>
    </D_Projectdata>
    <D_Projectdata diffgr:id="D_Projectdata2" msdata:rowOrder="1" diffgr:hasChanges="inserted">
      <iID>2</iID>
      <szName>PrjStatus.flg</szName>
      <dtCreateDate>2021-10-31T07:40:56.1379208+00:00</dtCreateDate>
      <dtUpdateDate>2021-10-31T07:40:56.1379208+00:00</dtUpdateDate>
      <bScrapFlag>false</bScrapFlag>
      <bStructuredStorage>true</bStructuredStorage>
      <iCreaterID>0</iCreaterID>
      <ucProductType>1</ucProductType>
      <ucFolderType>1</ucFolderType>
      <uiFolderNo>0</uiFolderNo>
      <ucReserve>0</ucReserve>
      <ucFileType>12</ucFileType>
    </D_Projectdata>
    <D_Projectdata diffgr:id="D_Projectdata3" msdata:rowOrder="2" diffgr:hasChanges="inserted">
      <iID>3</iID>
      <szName>Param.wpa</szName>
      <dtCreateDate>2021-10-31T07:40:56.139919+00:00</dtCreateDate>
      <dtUpdateDate>2021-10-31T07:40:56.139919+00:00</dtUpdateDate>
      <bScrapFlag>false</bScrapFlag>
      <bStructuredStorage>true</bStructuredStorage>
      <iCreaterID>0</iCreaterID>
      <ucProductType>1</ucProductType>
      <ucFolderType>2</ucFolderType>
      <uiFolderNo>0</uiFolderNo>
      <ucReserve>0</ucReserve>
      <ucFileType>1</ucFileType>
    </D_Projectdata>
    <D_Projectdata diffgr:id="D_Projectdata4" msdata:rowOrder="3" diffgr:hasChanges="inserted">
      <iID>4</iID>
      <szName>FuncSecurityLevel.fsl</szName>
      <dtCreateDate>2021-10-31T07:40:56.1419206+00:00</dtCreateDate>
      <dtUpdateDate>2021-10-31T07:40:56.1419206+00:00</dtUpdateDate>
      <bScrapFlag>false</bScrapFlag>
      <bStructuredStorage>true</bStructuredStorage>
      <iCreaterID>0</iCreaterID>
      <ucProductType>1</ucProductType>
      <ucFolderType>16</ucFolderType>
      <uiFolderNo>0</uiFolderNo>
      <ucReserve>0</ucReserve>
      <ucFileType>1</ucFileType>
    </D_Projectdata>
    <D_Projectdata diffgr:id="D_Projectdata5" msdata:rowOrder="4" diffgr:hasChanges="inserted">
      <iID>5</iID>
      <szName>Assignment HMI.pji</szName>
      <dtCreateDate>2021-10-31T07:40:56.7932597+00:00</dtCreateDate>
      <dtUpdateDate>2021-10-31T07:40:56.7932597+00:00</dtUpdateDate>
      <bScrapFlag>false</bScrapFlag>
      <bStructuredStorage>true</bStructuredStorage>
      <iCreaterID>0</iCreaterID>
      <ucProductType>1</ucProductType>
      <ucFolderType>6</ucFolderType>
      <uiFolderNo>0</uiFolderNo>
      <ucReserve>0</ucReserve>
      <ucFileType>4</ucFileType>
    </D_Projectdata>
    <D_Projectdata diffgr:id="D_Projectdata6" msdata:rowOrder="5" diffgr:hasChanges="inserted">
      <iID>6</iID>
      <szName>Project.gt3</szName>
      <dtCreateDate>2021-10-31T07:40:57.2032588+00:00</dtCreateDate>
      <dtUpdateDate>2021-10-31T07:40:57.2032588+00:00</dtUpdateDate>
      <bScrapFlag>false</bScrapFlag>
      <bStructuredStorage>false</bStructuredStorage>
      <iCreaterID>0</iCreaterID>
      <ucProductType>0</ucProductType>
      <ucFolderType>0</ucFolderType>
      <uiFolderNo>0</uiFolderNo>
      <ucReserve>0</ucReserve>
      <ucFileType>0</ucFileType>
    </D_Projectdata>
    <D_Projectdata diffgr:id="D_Projectdata7" msdata:rowOrder="6" diffgr:hasChanges="inserted">
      <iID>7</iID>
      <szName>GTEFILE</szName>
      <dtCreateDate>2021-10-31T07:40:57.2832577+00:00</dtCreateDate>
      <dtUpdateDate>2021-10-31T07:40:57.2832577+00:00</dtUpdateDate>
      <bScrapFlag>false</bScrapFlag>
      <bStructuredStorage>true</bStructuredStorage>
      <iCreaterID>0</iCreaterID>
      <ucProductType>1</ucProductType>
      <ucFolderType>7</ucFolderType>
      <uiFolderNo>0</uiFolderNo>
      <ucReserve>0</ucReserve>
      <ucFileType>1</ucFileType>
    </D_Projectdata>
    <D_DBVersion diffgr:id="D_DBVersion3" msdata:rowOrder="0" diffgr:hasChanges="inserted">
      <iSupportVersion>1</iSupportVersion>
      <iCreateVersion>1</iCreateVersion>
    </D_DBVersion>
  </DSPROJECTDATA>
</diffgr:diffgram>